[
  {"model": "accounts.capability", "pk": 1, "fields": {"codename": "branches.view", "description": "View branch details"}},
  {"model": "accounts.capability", "pk": 2, "fields": {"codename": "branches.manage", "description": "Create and edit branches"}},
  {"model": "accounts.capability", "pk": 3, "fields": {"codename": "members.view", "description": "View member records"}},
  {"model": "accounts.capability", "pk": 4, "fields": {"codename": "members.manage", "description": "Create and edit member records"}},
  {"model": "accounts.capability", "pk": 5, "fields": {"codename": "members.view_sensitive", "description": "View sensitive member notes"}},
  {"model": "accounts.capability", "pk": 6, "fields": {"codename": "households.view", "description": "View households"}},
  {"model": "accounts.capability", "pk": 7, "fields": {"codename": "households.manage", "description": "Create and edit households"}},
  {"model": "accounts.capability", "pk": 8, "fields": {"codename": "attendance.view", "description": "View attendance records"}},
  {"model": "accounts.capability", "pk": 9, "fields": {"codename": "attendance.manage", "description": "Record and edit attendance"}},
  {"model": "accounts.capability", "pk": 10, "fields": {"codename": "giving.view", "description": "View giving records"}},
  {"model": "accounts.capability", "pk": 11, "fields": {"codename": "giving.manage", "description": "Record and edit giving"}},
  {"model": "accounts.capability", "pk": 12, "fields": {"codename": "reports.view", "description": "View reports and analytics"}},
  {"model": "accounts.capability", "pk": 13, "fields": {"codename": "users.manage", "description": "Manage branch user accounts and roles"}},
  {"model": "accounts.capability", "pk": 14, "fields": {"codename": "roles.manage", "description": "Manage roles and capabilities"}},

  {"model": "accounts.role", "pk": 1, "fields": {"name": "Pastor / Lead", "description": "Senior pastor with full branch access"}},
  {"model": "accounts.role", "pk": 2, "fields": {"name": "Administrator", "description": "Office administrator with broad access"}},
  {"model": "accounts.role", "pk": 3, "fields": {"name": "Attendance Clerk", "description": "Records weekly attendance"}},
  {"model": "accounts.role", "pk": 4, "fields": {"name": "Finance Officer", "description": "Manages giving and financial records"}},
  {"model": "accounts.role", "pk": 5, "fields": {"name": "Membership Coordinator", "description": "Manages member and household records"}},
  {"model": "accounts.role", "pk": 6, "fields": {"name": "Viewer", "description": "Read-only access to branch data"}},

  {"model": "accounts.rolecapability", "pk": 1,  "fields": {"role": 1, "capability": 1}},
  {"model": "accounts.rolecapability", "pk": 2,  "fields": {"role": 1, "capability": 3}},
  {"model": "accounts.rolecapability", "pk": 3,  "fields": {"role": 1, "capability": 4}},
  {"model": "accounts.rolecapability", "pk": 4,  "fields": {"role": 1, "capability": 5}},
  {"model": "accounts.rolecapability", "pk": 5,  "fields": {"role": 1, "capability": 6}},
  {"model": "accounts.rolecapability", "pk": 6,  "fields": {"role": 1, "capability": 7}},
  {"model": "accounts.rolecapability", "pk": 7,  "fields": {"role": 1, "capability": 8}},
  {"model": "accounts.rolecapability", "pk": 8,  "fields": {"role": 1, "capability": 9}},
  {"model": "accounts.rolecapability", "pk": 9,  "fields": {"role": 1, "capability": 10}},
  {"model": "accounts.rolecapability", "pk": 10, "fields": {"role": 1, "capability": 11}},
  {"model": "accounts.rolecapability", "pk": 11, "fields": {"role": 1, "capability": 12}},
  {"model": "accounts.rolecapability", "pk": 12, "fields": {"role": 1, "capability": 13}},

  {"model": "accounts.rolecapability", "pk": 13, "fields": {"role": 2, "capability": 1}},
  {"model": "accounts.rolecapability", "pk": 14, "fields": {"role": 2, "capability": 3}},
  {"model": "accounts.rolecapability", "pk": 15, "fields": {"role": 2, "capability": 4}},
  {"model": "accounts.rolecapability", "pk": 16, "fields": {"role": 2, "capability": 6}},
  {"model": "accounts.rolecapability", "pk": 17, "fields": {"role": 2, "capability": 7}},
  {"model": "accounts.rolecapability", "pk": 18, "fields": {"role": 2, "capability": 8}},
  {"model": "accounts.rolecapability", "pk": 19, "fields": {"role": 2, "capability": 9}},
  {"model": "accounts.rolecapability", "pk": 20, "fields": {"role": 2, "capability": 10}},
  {"model": "accounts.rolecapability", "pk": 21, "fields": {"role": 2, "capability": 11}},
  {"model": "accounts.rolecapability", "pk": 22, "fields": {"role": 2, "capability": 12}},
  {"model": "accounts.rolecapability", "pk": 23, "fields": {"role": 2, "capability": 13}},

  {"model": "accounts.rolecapability", "pk": 24, "fields": {"role": 3, "capability": 3}},
  {"model": "accounts.rolecapability", "pk": 25, "fields": {"role": 3, "capability": 8}},
  {"model": "accounts.rolecapability", "pk": 26, "fields": {"role": 3, "capability": 9}},

  {"model": "accounts.rolecapability", "pk": 27, "fields": {"role": 4, "capability": 10}},
  {"model": "accounts.rolecapability", "pk": 28, "fields": {"role": 4, "capability": 11}},
  {"model": "accounts.rolecapability", "pk": 29, "fields": {"role": 4, "capability": 12}},

  {"model": "accounts.rolecapability", "pk": 30, "fields": {"role": 5, "capability": 3}},
  {"model": "accounts.rolecapability", "pk": 31, "fields": {"role": 5, "capability": 4}},
  {"model": "accounts.rolecapability", "pk": 32, "fields": {"role": 5, "capability": 5}},
  {"model": "accounts.rolecapability", "pk": 33, "fields": {"role": 5, "capability": 6}},
  {"model": "accounts.rolecapability", "pk": 34, "fields": {"role": 5, "capability": 7}},

  {"model": "accounts.rolecapability", "pk": 35, "fields": {"role": 6, "capability": 1}},
  {"model": "accounts.rolecapability", "pk": 36, "fields": {"role": 6, "capability": 3}},
  {"model": "accounts.rolecapability", "pk": 37, "fields": {"role": 6, "capability": 6}},
  {"model": "accounts.rolecapability", "pk": 38, "fields": {"role": 6, "capability": 8}},
  {"model": "accounts.rolecapability", "pk": 39, "fields": {"role": 6, "capability": 10}}
]
