[
  {"model": "accounts.capability", "pk": 1, "fields": {"codename": "branches.view", "description": "View branch details"}},
  {"model": "accounts.capability", "pk": 2, "fields": {"codename": "branches.manage", "description": "Create and edit branches"}},
  {"model": "accounts.capability", "pk": 3, "fields": {"codename": "members.view", "description": "View member records"}},
  {"model": "accounts.capability", "pk": 4, "fields": {"codename": "members.manage", "description": "Create and edit member records"}},
  {"model": "accounts.capability", "pk": 5, "fields": {"codename": "members.view_sensitive", "description": "View sensitive member notes"}},
  {"model": "accounts.capability", "pk": 6, "fields": {"codename": "households.view", "description": "View households"}},
  {"model": "accounts.capability", "pk": 7, "fields": {"codename": "households.manage", "description": "Create and edit households"}},
  {"model": "accounts.capability", "pk": 8, "fields": {"codename": "attendance.view", "description": "View attendance records"}},
  {"model": "accounts.capability", "pk": 9, "fields": {"codename": "attendance.manage", "description": "Record and edit attendance"}},
  {"model": "accounts.capability", "pk": 10, "fields": {"codename": "giving.view", "description": "View giving records"}},
  {"model": "accounts.capability", "pk": 11, "fields": {"codename": "giving.manage", "description": "Record and edit giving"}},
  {"model": "accounts.capability", "pk": 12, "fields": {"codename": "reports.view", "description": "View reports and analytics"}},
  {"model": "accounts.capability", "pk": 13, "fields": {"codename": "users.manage", "description": "Manage branch user accounts and roles"}},
  {"model": "accounts.capability", "pk": 14, "fields": {"codename": "roles.manage", "description": "Manage roles and capabilities"}},
  {"model": "accounts.capability", "pk": 15, "fields": {"codename": "finance.view_giving", "description": "View contributions, pledges, and funds"}},
  {"model": "accounts.capability", "pk": 16, "fields": {"codename": "finance.record_giving", "description": "Record contributions and manage pledges"}},
  {"model": "accounts.capability", "pk": 17, "fields": {"codename": "finance.manage_funds", "description": "Create and edit funds and giving categories"}},
  {"model": "accounts.capability", "pk": 18, "fields": {"codename": "finance.lock_period", "description": "Lock and unlock financial periods"}},
  {"model": "accounts.capability", "pk": 19, "fields": {"codename": "finance.view_reports", "description": "View financial reports and summaries"}},
  {"model": "accounts.capability", "pk": 20, "fields": {"codename": "events.view", "description": "View events and registrations"}},
  {"model": "accounts.capability", "pk": 21, "fields": {"codename": "events.manage", "description": "Create and edit events"}},
  {"model": "accounts.capability", "pk": 22, "fields": {"codename": "groups.view", "description": "View groups and memberships"}},
  {"model": "accounts.capability", "pk": 23, "fields": {"codename": "groups.manage", "description": "Create and edit groups"}},
  {"model": "accounts.capability", "pk": 24, "fields": {"codename": "discipleship.view", "description": "View discipleship records"}},
  {"model": "accounts.capability", "pk": 25, "fields": {"codename": "discipleship.manage", "description": "Manage discipleship records"}},
  {"model": "accounts.capability", "pk": 26, "fields": {"codename": "communications.view", "description": "View announcements"}},
  {"model": "accounts.capability", "pk": 27, "fields": {"codename": "communications.manage", "description": "Create and manage announcements"}},

  {"model": "accounts.role", "pk": 1, "fields": {"name": "Pastor / Lead", "description": "Senior pastor with full branch access"}},
  {"model": "accounts.role", "pk": 2, "fields": {"name": "Administrator", "description": "Office administrator with broad access"}},
  {"model": "accounts.role", "pk": 3, "fields": {"name": "Attendance Clerk", "description": "Records weekly attendance"}},
  {"model": "accounts.role", "pk": 4, "fields": {"name": "Finance Officer", "description": "Manages giving and financial records"}},
  {"model": "accounts.role", "pk": 5, "fields": {"name": "Membership Coordinator", "description": "Manages member and household records"}},
  {"model": "accounts.role", "pk": 6, "fields": {"name": "Viewer", "description": "Read-only access to branch data"}},

  {"model": "accounts.rolecapability", "pk": 1,  "fields": {"role": 1, "capability": 1}},
  {"model": "accounts.rolecapability", "pk": 2,  "fields": {"role": 1, "capability": 3}},
  {"model": "accounts.rolecapability", "pk": 3,  "fields": {"role": 1, "capability": 4}},
  {"model": "accounts.rolecapability", "pk": 4,  "fields": {"role": 1, "capability": 5}},
  {"model": "accounts.rolecapability", "pk": 5,  "fields": {"role": 1, "capability": 6}},
  {"model": "accounts.rolecapability", "pk": 6,  "fields": {"role": 1, "capability": 7}},
  {"model": "accounts.rolecapability", "pk": 7,  "fields": {"role": 1, "capability": 8}},
  {"model": "accounts.rolecapability", "pk": 8,  "fields": {"role": 1, "capability": 9}},
  {"model": "accounts.rolecapability", "pk": 9,  "fields": {"role": 1, "capability": 10}},
  {"model": "accounts.rolecapability", "pk": 10, "fields": {"role": 1, "capability": 11}},
  {"model": "accounts.rolecapability", "pk": 11, "fields": {"role": 1, "capability": 12}},
  {"model": "accounts.rolecapability", "pk": 12, "fields": {"role": 1, "capability": 13}},

  {"model": "accounts.rolecapability", "pk": 13, "fields": {"role": 2, "capability": 1}},
  {"model": "accounts.rolecapability", "pk": 14, "fields": {"role": 2, "capability": 3}},
  {"model": "accounts.rolecapability", "pk": 15, "fields": {"role": 2, "capability": 4}},
  {"model": "accounts.rolecapability", "pk": 16, "fields": {"role": 2, "capability": 6}},
  {"model": "accounts.rolecapability", "pk": 17, "fields": {"role": 2, "capability": 7}},
  {"model": "accounts.rolecapability", "pk": 18, "fields": {"role": 2, "capability": 8}},
  {"model": "accounts.rolecapability", "pk": 19, "fields": {"role": 2, "capability": 9}},
  {"model": "accounts.rolecapability", "pk": 20, "fields": {"role": 2, "capability": 10}},
  {"model": "accounts.rolecapability", "pk": 21, "fields": {"role": 2, "capability": 11}},
  {"model": "accounts.rolecapability", "pk": 22, "fields": {"role": 2, "capability": 12}},
  {"model": "accounts.rolecapability", "pk": 23, "fields": {"role": 2, "capability": 13}},

  {"model": "accounts.rolecapability", "pk": 24, "fields": {"role": 3, "capability": 3}},
  {"model": "accounts.rolecapability", "pk": 25, "fields": {"role": 3, "capability": 8}},
  {"model": "accounts.rolecapability", "pk": 26, "fields": {"role": 3, "capability": 9}},

  {"model": "accounts.rolecapability", "pk": 27, "fields": {"role": 4, "capability": 10}},
  {"model": "accounts.rolecapability", "pk": 28, "fields": {"role": 4, "capability": 11}},
  {"model": "accounts.rolecapability", "pk": 29, "fields": {"role": 4, "capability": 12}},
  {"model": "accounts.rolecapability", "pk": 40, "fields": {"role": 4, "capability": 15}},
  {"model": "accounts.rolecapability", "pk": 41, "fields": {"role": 4, "capability": 16}},
  {"model": "accounts.rolecapability", "pk": 42, "fields": {"role": 4, "capability": 17}},
  {"model": "accounts.rolecapability", "pk": 43, "fields": {"role": 4, "capability": 18}},
  {"model": "accounts.rolecapability", "pk": 44, "fields": {"role": 4, "capability": 19}},

  {"model": "accounts.rolecapability", "pk": 30, "fields": {"role": 5, "capability": 3}},
  {"model": "accounts.rolecapability", "pk": 31, "fields": {"role": 5, "capability": 4}},
  {"model": "accounts.rolecapability", "pk": 32, "fields": {"role": 5, "capability": 5}},
  {"model": "accounts.rolecapability", "pk": 33, "fields": {"role": 5, "capability": 6}},
  {"model": "accounts.rolecapability", "pk": 34, "fields": {"role": 5, "capability": 7}},

  {"model": "accounts.rolecapability", "pk": 35, "fields": {"role": 6, "capability": 1}},
  {"model": "accounts.rolecapability", "pk": 36, "fields": {"role": 6, "capability": 3}},
  {"model": "accounts.rolecapability", "pk": 37, "fields": {"role": 6, "capability": 6}},
  {"model": "accounts.rolecapability", "pk": 38, "fields": {"role": 6, "capability": 8}},
  {"model": "accounts.rolecapability", "pk": 39, "fields": {"role": 6, "capability": 10}},

  {"model": "accounts.rolecapability", "pk": 45, "fields": {"role": 1, "capability": 15}},
  {"model": "accounts.rolecapability", "pk": 46, "fields": {"role": 1, "capability": 16}},
  {"model": "accounts.rolecapability", "pk": 47, "fields": {"role": 1, "capability": 17}},
  {"model": "accounts.rolecapability", "pk": 48, "fields": {"role": 1, "capability": 18}},
  {"model": "accounts.rolecapability", "pk": 49, "fields": {"role": 1, "capability": 19}},

  {"model": "accounts.rolecapability", "pk": 50, "fields": {"role": 2, "capability": 15}},
  {"model": "accounts.rolecapability", "pk": 51, "fields": {"role": 2, "capability": 16}},
  {"model": "accounts.rolecapability", "pk": 52, "fields": {"role": 2, "capability": 17}},
  {"model": "accounts.rolecapability", "pk": 53, "fields": {"role": 2, "capability": 18}},
  {"model": "accounts.rolecapability", "pk": 54, "fields": {"role": 2, "capability": 19}},

  {"model": "accounts.rolecapability", "pk": 55, "fields": {"role": 6, "capability": 15}},
  {"model": "accounts.rolecapability", "pk": 56, "fields": {"role": 6, "capability": 19}},

  {"model": "accounts.rolecapability", "pk": 57, "fields": {"role": 1, "capability": 20}},
  {"model": "accounts.rolecapability", "pk": 58, "fields": {"role": 1, "capability": 21}},
  {"model": "accounts.rolecapability", "pk": 59, "fields": {"role": 1, "capability": 22}},
  {"model": "accounts.rolecapability", "pk": 60, "fields": {"role": 1, "capability": 23}},
  {"model": "accounts.rolecapability", "pk": 61, "fields": {"role": 1, "capability": 24}},
  {"model": "accounts.rolecapability", "pk": 62, "fields": {"role": 1, "capability": 25}},

  {"model": "accounts.rolecapability", "pk": 63, "fields": {"role": 2, "capability": 20}},
  {"model": "accounts.rolecapability", "pk": 64, "fields": {"role": 2, "capability": 21}},
  {"model": "accounts.rolecapability", "pk": 65, "fields": {"role": 2, "capability": 22}},
  {"model": "accounts.rolecapability", "pk": 66, "fields": {"role": 2, "capability": 23}},
  {"model": "accounts.rolecapability", "pk": 67, "fields": {"role": 2, "capability": 24}},
  {"model": "accounts.rolecapability", "pk": 68, "fields": {"role": 2, "capability": 25}},

  {"model": "accounts.rolecapability", "pk": 69, "fields": {"role": 6, "capability": 20}},
  {"model": "accounts.rolecapability", "pk": 70, "fields": {"role": 6, "capability": 22}},
  {"model": "accounts.rolecapability", "pk": 71, "fields": {"role": 6, "capability": 24}},

  {"model": "accounts.rolecapability", "pk": 72, "fields": {"role": 1, "capability": 26}},
  {"model": "accounts.rolecapability", "pk": 73, "fields": {"role": 1, "capability": 27}},
  {"model": "accounts.rolecapability", "pk": 74, "fields": {"role": 2, "capability": 26}},
  {"model": "accounts.rolecapability", "pk": 75, "fields": {"role": 2, "capability": 27}},
  {"model": "accounts.rolecapability", "pk": 76, "fields": {"role": 3, "capability": 26}},
  {"model": "accounts.rolecapability", "pk": 77, "fields": {"role": 5, "capability": 26}},
  {"model": "accounts.rolecapability", "pk": 78, "fields": {"role": 6, "capability": 26}}
]
